produto,estado,semana,preco_modelo,preco_baseline,mae_modelo_estado,mae_baseline_estado
GLP,AC,2026-08-03/2026-08-09,126.1174017809376,126.0,1.385679147660552,1.2708333333333333
GLP,AC,2026-08-10/2026-08-16,126.2348035618752,126.0,1.385679147660552,1.2708333333333333
GLP,AC,2026-08-17/2026-08-23,126.29315188830353,126.0,1.385679147660552,1.2708333333333333
GLP,AC,2026-08-24/2026-08-30,126.35150021473186,126.0,1.385679147660552,1.2708333333333333
GLP,AL,2026-08-03/2026-08-09,105.03411260390709,105.0,0.8906544573971485,0.8333333333333334
GLP,AL,2026-08-10/2026-08-16,105.06822520781418,105.0,0.8906544573971485,0.8333333333333334
GLP,AL,2026-08-17/2026-08-23,105.10233781172127,105.0,0.8906544573971485,0.8333333333333334
GLP,AL,2026-08-24/2026-08-30,105.13645041562836,105.0,0.8906544573971485,0.8333333333333334
GLP,AM,2026-08-03/2026-08-09,126.06017210678857,126.0,0.4932187826058729,0.4166666666666667
GLP,AM,2026-08-10/2026-08-16,126.12034421357714,126.0,0.4932187826058729,0.4166666666666667
GLP,AM,2026-08-17/2026-08-23,126.18051632036571,126.0,0.4932187826058729,0.4166666666666667
GLP,AM,2026-08-24/2026-08-30,126.24068842715428,126.0,0.4932187826058729,0.4166666666666667
GLP,AP,2026-08-03/2026-08-09,126.05834832642833,126.0,1.9987489582265217,2.0
GLP,AP,2026-08-10/2026-08-16,126.11669665285666,126.0,1.9987489582265217,2.0
GLP,AP,2026-08-17/2026-08-23,126.17504497928499,126.0,1.9987489582265217,2.0
GLP,AP,2026-08-24/2026-08-30,126.23339330571332,126.0,1.9987489582265217,2.0
GLP,BA,2026-08-03/2026-08-09,115.02128682411274,115.0,1.396282613620658,1.3262499999999993
GLP,BA,2026-08-10/2026-08-16,115.04257364822547,115.0,1.396282613620658,1.3262499999999993
GLP,BA,2026-08-17/2026-08-23,115.05984213458775,115.0,1.396282613620658,1.3262499999999993
GLP,BA,2026-08-24/2026-08-30,115.07711062095004,115.0,1.396282613620658,1.3262499999999993
GLP,CE,2026-08-03/2026-08-09,120.019054235901,120.0,1.2522339817978505,1.2710416666666668
GLP,CE,2026-08-10/2026-08-16,120.03810847180199,120.0,1.2522339817978505,1.2710416666666668
GLP,CE,2026-08-17/2026-08-23,120.05716270770299,120.0,1.2522339817978505,1.2710416666666668
GLP,CE,2026-08-24/2026-08-30,120.07621694360398,120.0,1.2522339817978505,1.2710416666666668
GLP,DF,2026-08-03/2026-08-09,108.93292160752502,108.99,0.7797477375628287,0.7479166666666665
GLP,DF,2026-08-10/2026-08-16,108.88008407881209,108.99,0.7797477375628287,0.7479166666666665
GLP,DF,2026-08-17/2026-08-23,108.80489149768637,108.99,0.7797477375628287,0.7479166666666665
GLP,DF,2026-08-24/2026-08-30,108.72969891656065,108.99,0.7797477375628287,0.7479166666666665
GLP,ES,2026-08-03/2026-08-09,100.4032015698369,100.0,0.9903493096870722,0.8876041666666671
GLP,ES,2026-08-10/2026-08-16,100.71710119725003,100.0,0.9903493096870722,0.8876041666666671
GLP,ES,2026-08-17/2026-08-23,100.897459683952,100.0,0.9903493096870722,0.8876041666666671
GLP,ES,2026-08-24/2026-08-30,101.05659227998558,100.0,0.9903493096870722,0.8876041666666671
GLP,GO,2026-08-03/2026-08-09,115.02122858746085,115.0,1.5268902472387478,1.5625
GLP,GO,2026-08-10/2026-08-16,115.04245717492171,115.0,1.5268902472387478,1.5625
GLP,GO,2026-08-17/2026-08-23,115.06770410013301,115.0,1.5268902472387478,1.5625
GLP,GO,2026-08-24/2026-08-30,115.09295102534432,115.0,1.5268902472387478,1.5625
GLP,MA,2026-08-03/2026-08-09,129.82872769792078,129.99,0.8107182412783738,0.7495833333333346
GLP,MA,2026-08-10/2026-08-16,129.66745539584156,129.99,0.8107182412783738,0.7495833333333346
GLP,MA,2026-08-17/2026-08-23,129.50618309376233,129.99,0.8107182412783738,0.7495833333333346
GLP,MA,2026-08-24/2026-08-30,129.3355362874645,129.99,0.8107182412783738,0.7495833333333346
GLP,MG,2026-08-03/2026-08-09,109.96900310595164,110.0,0.8719333511075537,0.8531250000000007
GLP,MG,2026-08-10/2026-08-16,109.93800621190329,110.0,0.8719333511075537,0.8531250000000007
GLP,MG,2026-08-17/2026-08-23,109.90700931785493,110.0,0.8719333511075537,0.8531250000000007
GLP,MG,2026-08-24/2026-08-30,109.87601242380657,110.0,0.8719333511075537,0.8531250000000007
GLP,MS,2026-08-03/2026-08-09,118.96373827851086,119.0,1.7198916068954022,1.7914583333333336
GLP,MS,2026-08-10/2026-08-16,118.99088975884655,119.0,1.7198916068954022,1.7914583333333336
GLP,MS,2026-08-17/2026-08-23,118.95462803735741,119.0,1.7198916068954022,1.7914583333333336
GLP,MS,2026-08-24/2026-08-30,118.91836631586827,119.0,1.7198916068954022,1.7914583333333336
GLP,MT,2026-08-03/2026-08-09,129.82158994262048,130.0,1.2612018431066263,1.1872916666666669
GLP,MT,2026-08-10/2026-08-16,129.66031764054125,130.0,1.2612018431066263,1.1872916666666669
GLP,MT,2026-08-17/2026-08-23,129.49320409155763,130.0,1.2612018431066263,1.1872916666666669
GLP,MT,2026-08-24/2026-08-30,129.326090542574,130.0,1.2612018431066263,1.1872916666666669
GLP,PA,2026-08-03/2026-08-09,118.95564103407618,119.0,1.7683536666306103,1.7260416666666665
GLP,PA,2026-08-10/2026-08-16,118.97469526997718,119.0,1.7683536666306103,1.7260416666666665
GLP,PA,2026-08-17/2026-08-23,118.93033630405336,119.0,1.7683536666306103,1.7260416666666665
GLP,PA,2026-08-24/2026-08-30,118.88597733812954,119.0,1.7683536666306103,1.7260416666666665
GLP,PB,2026-08-03/2026-08-09,109.96080214109102,110.0,0.8461928772413231,0.7708333333333334
GLP,PB,2026-08-10/2026-08-16,109.9258451459441,110.0,0.8461928772413231,0.7708333333333334
GLP,PB,2026-08-17/2026-08-23,109.89088815079717,110.0,0.8461928772413231,0.7708333333333334
GLP,PB,2026-08-24/2026-08-30,109.85593115565024,110.0,0.8461928772413231,0.7708333333333334
GLP,PE,2026-08-03/2026-08-09,101.3796161852249,101.0,0.9225600855428034,0.8543749999999998
GLP,PE,2026-08-10/2026-08-16,101.74165507082262,101.0,0.9225600855428034,0.8543749999999998
GLP,PE,2026-08-17/2026-08-23,101.9007876668562,101.0,0.9225600855428034,0.8543749999999998
GLP,PE,2026-08-24/2026-08-30,102.05992026288979,101.0,0.9225600855428034,0.8543749999999998
GLP,PI,2026-08-03/2026-08-09,115.00726848636228,114.99,1.013429776862151,1.0012500000000004
GLP,PI,2026-08-10/2026-08-16,115.02453697272456,114.99,1.013429776862151,1.0012500000000004
GLP,PI,2026-08-17/2026-08-23,115.04180545908685,114.99,1.013429776862151,1.0012500000000004
GLP,PI,2026-08-24/2026-08-30,115.05907394544913,114.99,1.013429776862151,1.0012500000000004
GLP,PR,2026-08-03/2026-08-09,109.96504300485307,110.0,1.5244349175828684,1.5306249999999997
GLP,PR,2026-08-10/2026-08-16,109.93008600970614,110.0,1.5244349175828684,1.5306249999999997
GLP,PR,2026-08-17/2026-08-23,109.89512901455922,110.0,1.5244349175828684,1.5306249999999997
GLP,PR,2026-08-24/2026-08-30,109.86017201941229,110.0,1.5244349175828684,1.5306249999999997
GLP,RJ,2026-08-03/2026-08-09,105.0291126039071,104.995,0.993568254594452,0.8946874999999999
GLP,RJ,2026-08-10/2026-08-16,105.06322520781418,104.995,0.993568254594452,0.8946874999999999
GLP,RJ,2026-08-17/2026-08-23,105.09733781172127,104.995,0.993568254594452,0.8946874999999999
GLP,RJ,2026-08-24/2026-08-30,105.13145041562836,104.995,0.993568254594452,0.8946874999999999
GLP,RN,2026-08-03/2026-08-09,110.60520917132706,110.0,1.7955917432119624,1.779166666666666
GLP,RN,2026-08-10/2026-08-16,110.67169588140017,110.0,1.7955917432119624,1.779166666666666
GLP,RN,2026-08-17/2026-08-23,110.79500694249508,110.0,1.7955917432119624,1.779166666666666
GLP,RN,2026-08-24/2026-08-30,110.78068599662494,110.0,1.7955917432119624,1.779166666666666
GLP,RO,2026-08-03/2026-08-09,127.83805420860314,128.0,1.6412761305095644,1.6554166666666674
GLP,RO,2026-08-10/2026-08-16,127.67443281165018,128.0,1.6412761305095644,1.6554166666666674
GLP,RO,2026-08-17/2026-08-23,127.51434467201143,128.0,1.6412761305095644,1.6554166666666674
GLP,RO,2026-08-24/2026-08-30,127.32883445839275,128.0,1.6412761305095644,1.6554166666666674
GLP,RR,2026-08-03/2026-08-09,144.85700594991067,145.0,0.6491598268194659,0.4375
GLP,RR,2026-08-10/2026-08-16,144.72358033056457,145.0,0.6491598268194659,0.4375
GLP,RR,2026-08-17/2026-08-23,144.58058628047525,145.0,0.6491598268194659,0.4375
GLP,RR,2026-08-24/2026-08-30,144.43759223038592,145.0,0.6491598268194659,0.4375
GLP,RS,2026-08-03/2026-08-09,116.0578755402147,116.0,0.5377000302696929,0.4854166666666663
GLP,RS,2026-08-10/2026-08-16,116.10181869210197,116.0,0.5377000302696929,0.4854166666666663
GLP,RS,2026-08-17/2026-08-23,116.13228732402663,116.0,0.5377000302696929,0.4854166666666663
GLP,RS,2026-08-24/2026-08-30,116.1627559559513,116.0,0.5377000302696929,0.4854166666666663
GLP,SC,2026-08-03/2026-08-09,124.50752387115817,123.95,0.9337172846302124,0.8847916666666663
GLP,SC,2026-08-10/2026-08-16,124.53726125767815,123.95,0.9337172846302124,0.8847916666666663
GLP,SC,2026-08-17/2026-08-23,124.55660559381703,123.95,0.9337172846302124,0.8847916666666663
GLP,SC,2026-08-24/2026-08-30,124.5759499299559,123.95,0.9337172846302124,0.8847916666666663
GLP,SE,2026-08-03/2026-08-09,114.35485979271147,114.9,0.7312328903878438,0.6706249999999999
GLP,SE,2026-08-10/2026-08-16,114.2461997529996,114.9,0.7312328903878438,0.6706249999999999
GLP,SE,2026-08-17/2026-08-23,114.13753971328774,114.9,0.7312328903878438,0.6706249999999999
GLP,SE,2026-08-24/2026-08-30,113.82000866588285,114.9,0.7312328903878438,0.6706249999999999
GLP,SP,2026-08-03/2026-08-09,115.01726848636228,115.0,0.2448643504357456,0.1891666666666672
GLP,SP,2026-08-10/2026-08-16,115.03453697272457,115.0,0.2448643504357456,0.1891666666666672
GLP,SP,2026-08-17/2026-08-23,115.05180545908685,115.0,0.2448643504357456,0.1891666666666672
GLP,SP,2026-08-24/2026-08-30,115.06907394544913,115.0,0.2448643504357456,0.1891666666666672
GLP,TO,2026-08-03/2026-08-09,134.8517244423141,135.0,1.7759501430826583,1.5208333333333333
GLP,TO,2026-08-10/2026-08-16,134.7034488846282,135.0,1.7759501430826583,1.5208333333333333
GLP,TO,2026-08-17/2026-08-23,134.55517332694228,135.0,1.7759501430826583,1.5208333333333333
GLP,TO,2026-08-24/2026-08-30,134.40689776925637,135.0,1.7759501430826583,1.5208333333333333
GASOLINA,AC,2026-08-03/2026-08-09,7.206526682980845,7.29,0.1894671507114775,0.1708333333333333
GASOLINA,AC,2026-08-10/2026-08-16,7.111848444099887,7.29,0.1894671507114775,0.1708333333333333
GASOLINA,AC,2026-08-17/2026-08-23,7.103547510809016,7.29,0.1894671507114775,0.1708333333333333
GASOLINA,AC,2026-08-24/2026-08-30,7.092512717846945,7.29,0.1894671507114775,0.1708333333333333
GASOLINA,AL,2026-08-03/2026-08-09,6.8484318742825065,6.84,0.0738150784194227,0.0672916666666666
GASOLINA,AL,2026-08-10/2026-08-16,6.8582255793851035,6.84,0.0738150784194227,0.0672916666666666
GASOLINA,AL,2026-08-17/2026-08-23,6.867500856284078,6.84,0.0738150784194227,0.0672916666666666
GASOLINA,AL,2026-08-24/2026-08-30,6.87433498803834,6.84,0.0738150784194227,0.0672916666666666
GASOLINA,AM,2026-08-03/2026-08-09,7.2835884287163,7.29,0.0554996430071069,0.0537499999999999
GASOLINA,AM,2026-08-10/2026-08-16,7.284708381547633,7.29,0.0554996430071069,0.0537499999999999
GASOLINA,AM,2026-08-17/2026-08-23,7.2844982520101516,7.29,0.0554996430071069,0.0537499999999999
GASOLINA,AM,2026-08-24/2026-08-30,7.28539275339838,7.29,0.0554996430071069,0.0537499999999999
GASOLINA,AP,2026-08-03/2026-08-09,6.449529242735603,6.45,0.041076125967272,0.0454166666666666
GASOLINA,AP,2026-08-10/2026-08-16,6.449058485471206,6.45,0.041076125967272,0.0454166666666666
GASOLINA,AP,2026-08-17/2026-08-23,6.453954476754462,6.45,0.041076125967272,0.0454166666666666
GASOLINA,AP,2026-08-24/2026-08-30,6.457016823515788,6.45,0.041076125967272,0.0454166666666666
GASOLINA,BA,2026-08-03/2026-08-09,6.996461406322495,6.99,0.0729770436774186,0.0608333333333333
GASOLINA,BA,2026-08-10/2026-08-16,7.000391697785265,6.99,0.0729770436774186,0.0608333333333333
GASOLINA,BA,2026-08-17/2026-08-23,7.0034003886200695,6.99,0.0729770436774186,0.0608333333333333
GASOLINA,BA,2026-08-24/2026-08-30,7.008133348805968,6.99,0.0729770436774186,0.0608333333333333
GASOLINA,CE,2026-08-03/2026-08-09,6.888772037472939,6.89,0.0512540375451629,0.0479166666666667
GASOLINA,CE,2026-08-10/2026-08-16,6.893894750603448,6.89,0.0512540375451629,0.0479166666666667
GASOLINA,CE,2026-08-17/2026-08-23,6.89887431933078,6.89,0.0512540375451629,0.0479166666666667
GASOLINA,CE,2026-08-24/2026-08-30,6.901245090482768,6.89,0.0512540375451629,0.0479166666666667
GASOLINA,DF,2026-08-03/2026-08-09,6.539880224470241,6.57,0.1604757811712367,0.1539583333333333
GASOLINA,DF,2026-08-10/2026-08-16,6.520529244855663,6.57,0.1604757811712367,0.1539583333333333
GASOLINA,DF,2026-08-17/2026-08-23,6.4968956770207225,6.57,0.1604757811712367,0.1539583333333333
GASOLINA,DF,2026-08-24/2026-08-30,6.500160138608342,6.57,0.1604757811712367,0.1539583333333333
GASOLINA,ES,2026-08-03/2026-08-09,6.492631437714948,6.49,0.0596382973524418,0.0542708333333333
GASOLINA,ES,2026-08-10/2026-08-16,6.500021699928269,6.49,0.0596382973524418,0.0542708333333333
GASOLINA,ES,2026-08-17/2026-08-23,6.505304140517473,6.49,0.0596382973524418,0.0542708333333333
GASOLINA,ES,2026-08-24/2026-08-30,6.5105865811066765,6.49,0.0596382973524418,0.0542708333333333
GASOLINA,GO,2026-08-03/2026-08-09,6.74776763787186,6.74,0.0596045641583483,0.0531250000000001
GASOLINA,GO,2026-08-10/2026-08-16,6.7555352757437195,6.74,0.0596045641583483,0.0531250000000001
GASOLINA,GO,2026-08-17/2026-08-23,6.76240092670148,6.74,0.0596045641583483,0.0531250000000001
GASOLINA,GO,2026-08-24/2026-08-30,6.768408153073557,6.74,0.0596045641583483,0.0531250000000001
GASOLINA,MA,2026-08-03/2026-08-09,6.888801330846236,6.89,0.0633112119546394,0.0533333333333333
GASOLINA,MA,2026-08-10/2026-08-16,6.8926862797629544,6.89,0.0633112119546394,0.0533333333333333
GASOLINA,MA,2026-08-17/2026-08-23,6.896660572041005,6.89,0.0633112119546394,0.0533333333333333
GASOLINA,MA,2026-08-24/2026-08-30,6.899824539822081,6.89,0.0633112119546394,0.0533333333333333
GASOLINA,MG,2026-08-03/2026-08-09,6.294912708724227,6.29,0.0397422697997384,0.0270833333333332
GASOLINA,MG,2026-08-10/2026-08-16,6.299494680637654,6.29,0.0397422697997384,0.0270833333333332
GASOLINA,MG,2026-08-17/2026-08-23,6.304076652551081,6.29,0.0397422697997384,0.0270833333333332
GASOLINA,MG,2026-08-24/2026-08-30,6.308524346477033,6.29,0.0397422697997384,0.0270833333333332
GASOLINA,MS,2026-08-03/2026-08-09,6.6176509302974935,6.615,0.0775080285349675,0.07125
GASOLINA,MS,2026-08-10/2026-08-16,6.621804564133797,6.615,0.0775080285349675,0.07125
GASOLINA,MS,2026-08-17/2026-08-23,6.626721670798495,6.615,0.0775080285349675,0.07125
GASOLINA,MS,2026-08-24/2026-08-30,6.630875304634798,6.615,0.0775080285349675,0.07125
GASOLINA,MT,2026-08-03/2026-08-09,6.799796003512914,6.79,0.0339286543105073,0.029375
GASOLINA,MT,2026-08-10/2026-08-16,6.805440826277381,6.79,0.0339286543105073,0.029375
GASOLINA,MT,2026-08-17/2026-08-23,6.811388323754284,6.79,0.0339286543105073,0.029375
GASOLINA,MT,2026-08-24/2026-08-30,6.817335821231187,6.79,0.0339286543105073,0.029375
GASOLINA,PA,2026-08-03/2026-08-09,6.857766482264765,6.85,0.0670952020055743,0.0606249999999998
GASOLINA,PA,2026-08-10/2026-08-16,6.865816122657077,6.85,0.0670952020055743,0.0606249999999998
GASOLINA,PA,2026-08-17/2026-08-23,6.8733465874867195,6.85,0.0670952020055743,0.0606249999999998
GASOLINA,PA,2026-08-24/2026-08-30,6.879673062857793,6.85,0.0670952020055743,0.0606249999999998
GASOLINA,PB,2026-08-03/2026-08-09,6.495200524262722,6.49,0.0434165662187581,0.0327083333333333
GASOLINA,PB,2026-08-10/2026-08-16,6.497598856902417,6.49,0.0434165662187581,0.0327083333333333
GASOLINA,PB,2026-08-17/2026-08-23,6.499268048825905,6.49,0.0434165662187581,0.0327083333333333
GASOLINA,PB,2026-08-24/2026-08-30,6.500937240749393,6.49,0.0434165662187581,0.0327083333333333
GASOLINA,PE,2026-08-03/2026-08-09,6.893663299477914,6.89,0.1010645255299406,0.0895833333333333
GASOLINA,PE,2026-08-10/2026-08-16,6.898800372394836,6.89,0.1010645255299406,0.0895833333333333
GASOLINA,PE,2026-08-17/2026-08-23,6.902137734880094,6.89,0.1010645255299406,0.0895833333333333
GASOLINA,PE,2026-08-24/2026-08-30,6.905385723659891,6.89,0.1010645255299406,0.0895833333333333
GASOLINA,PI,2026-08-03/2026-08-09,6.892414035037137,6.89,0.0510881121958684,0.0445833333333334
GASOLINA,PI,2026-08-10/2026-08-16,6.897459629837156,6.89,0.0510881121958684,0.0445833333333334
GASOLINA,PI,2026-08-17/2026-08-23,6.900500901990003,6.89,0.0510881121958684,0.0445833333333334
GASOLINA,PI,2026-08-24/2026-08-30,6.903626484678025,6.89,0.0510881121958684,0.0445833333333334
GASOLINA,PR,2026-08-03/2026-08-09,6.698975123947957,6.69,0.0454825182526919,0.0356249999999999
GASOLINA,PR,2026-08-10/2026-08-16,6.707950247895913,6.69,0.0454825182526919,0.0356249999999999
GASOLINA,PR,2026-08-17/2026-08-23,6.715717885767773,6.69,0.0454825182526919,0.0356249999999999
GASOLINA,PR,2026-08-24/2026-08-30,6.721182091748684,6.69,0.0454825182526919,0.0356249999999999
GASOLINA,RJ,2026-08-03/2026-08-09,6.700722165891072,6.69,0.0756526708460102,0.068125
GASOLINA,RJ,2026-08-10/2026-08-16,6.710372859728518,6.69,0.0756526708460102,0.068125
GASOLINA,RJ,2026-08-17/2026-08-23,6.720082587087185,6.69,0.0756526708460102,0.068125
GASOLINA,RJ,2026-08-24/2026-08-30,6.726138468301864,6.69,0.0756526708460102,0.068125
GASOLINA,RN,2026-08-03/2026-08-09,6.900211738444238,6.89,0.1207282425197522,0.10875
GASOLINA,RN,2026-08-10/2026-08-16,6.905686208835571,6.89,0.1207282425197522,0.10875
GASOLINA,RN,2026-08-17/2026-08-23,6.90946243810433,6.89,0.1207282425197522,0.10875
GASOLINA,RN,2026-08-24/2026-08-30,6.913075105191097,6.89,0.1207282425197522,0.10875
GASOLINA,RO,2026-08-03/2026-08-09,7.3773969858833475,7.37,0.0595164972076636,0.0458333333333333
GASOLINA,RO,2026-08-10/2026-08-16,7.384793971766695,7.37,0.0595164972076636,0.0458333333333333
GASOLINA,RO,2026-08-17/2026-08-23,7.392190957650042,7.37,0.0595164972076636,0.0458333333333333
GASOLINA,RO,2026-08-24/2026-08-30,7.398732199989378,7.37,0.0595164972076636,0.0458333333333333
GASOLINA,RR,2026-08-03/2026-08-09,7.566674824839181,7.57,0.0613187186747332,0.0370833333333333
GASOLINA,RR,2026-08-10/2026-08-16,7.566360005723427,7.57,0.0613187186747332,0.0370833333333333
GASOLINA,RR,2026-08-17/2026-08-23,7.568997671036263,7.57,0.0613187186747332,0.0370833333333333
GASOLINA,RR,2026-08-24/2026-08-30,7.57149810129021,7.57,0.0613187186747332,0.0370833333333333
GASOLINA,RS,2026-08-03/2026-08-09,6.294539334382532,6.29,0.048218634097232,0.0360416666666666
GASOLINA,RS,2026-08-10/2026-08-16,6.299019190860159,6.29,0.048218634097232,0.0360416666666666
GASOLINA,RS,2026-08-17/2026-08-23,6.303572636152709,6.29,0.048218634097232,0.0360416666666666
GASOLINA,RS,2026-08-24/2026-08-30,6.307251048685002,6.29,0.048218634097232,0.0360416666666666
GASOLINA,SC,2026-08-03/2026-08-09,6.552621691029972,6.55,0.0431415095615437,0.0352083333333332
GASOLINA,SC,2026-08-10/2026-08-16,6.552737368448042,6.55,0.0431415095615437,0.0352083333333332
GASOLINA,SC,2026-08-17/2026-08-23,6.552581871941049,6.55,0.0431415095615437,0.0352083333333332
GASOLINA,SC,2026-08-24/2026-08-30,6.5553958978388165,6.55,0.0431415095615437,0.0352083333333332
GASOLINA,SE,2026-08-03/2026-08-09,7.121741586250643,7.12,0.0641539233558798,0.0504166666666665
GASOLINA,SE,2026-08-10/2026-08-16,7.122844100768535,7.12,0.0641539233558798,0.0504166666666665
GASOLINA,SE,2026-08-17/2026-08-23,7.123716184828247,7.12,0.0641539233558798,0.0504166666666665
GASOLINA,SE,2026-08-24/2026-08-30,7.124588268887959,7.12,0.0641539233558798,0.0504166666666665
GASOLINA,SP,2026-08-03/2026-08-09,6.3941076467540245,6.39,0.03120204604664,0.0208333333333333
GASOLINA,SP,2026-08-10/2026-08-16,6.397661347785233,6.39,0.03120204604664,0.0208333333333333
GASOLINA,SP,2026-08-17/2026-08-23,6.401199812310118,6.39,0.03120204604664,0.0208333333333333
GASOLINA,SP,2026-08-24/2026-08-30,6.403369857078742,6.39,0.03120204604664,0.0208333333333333
GASOLINA,TO,2026-08-03/2026-08-09,7.060577596176389,7.0600000000000005,0.066413699857613,0.0581249999999999
GASOLINA,TO,2026-08-10/2026-08-16,7.061792090072564,7.0600000000000005,0.066413699857613,0.0581249999999999
GASOLINA,TO,2026-08-17/2026-08-23,7.063841565974771,7.0600000000000005,0.066413699857613,0.0581249999999999
GASOLINA,TO,2026-08-24/2026-08-30,7.066827182214512,7.0600000000000005,0.066413699857613,0.0581249999999999
ETANOL,AC,2026-08-03/2026-08-09,5.056723232447703,5.135,0.1901534802567842,0.1834374999999999
ETANOL,AC,2026-08-10/2026-08-16,4.9874939234431395,5.135,0.1901534802567842,0.1834374999999999
ETANOL,AC,2026-08-17/2026-08-23,4.916235989033735,5.135,0.1901534802567842,0.1834374999999999
ETANOL,AC,2026-08-24/2026-08-30,4.83228476750299,5.135,0.1901534802567842,0.1834374999999999
ETANOL,AL,2026-08-03/2026-08-09,5.09470114698766,5.09,0.0596948261311959,0.053125
ETANOL,AL,2026-08-10/2026-08-16,5.099262320533141,5.09,0.0596948261311959,0.053125
ETANOL,AL,2026-08-17/2026-08-23,5.103592504728463,5.09,0.0596948261311959,0.053125
ETANOL,AL,2026-08-24/2026-08-30,5.1070593443402466,5.09,0.0596948261311959,0.053125
ETANOL,AM,2026-08-03/2026-08-09,4.981004126289575,4.99,0.0351131983099069,0.0314583333333332
ETANOL,AM,2026-08-10/2026-08-16,4.972485758035211,4.99,0.0351131983099069,0.0314583333333332
ETANOL,AM,2026-08-17/2026-08-23,4.977017908046637,4.99,0.0351131983099069,0.0314583333333332
ETANOL,AM,2026-08-24/2026-08-30,4.980958025799744,4.99,0.0351131983099069,0.0314583333333332
ETANOL,AP,2026-08-03/2026-08-09,5.805294203524452,5.81,0.0267366503095836,0.0211458333333333
ETANOL,AP,2026-08-10/2026-08-16,5.800588407048905,5.81,0.0267366503095836,0.0211458333333333
ETANOL,AP,2026-08-17/2026-08-23,5.795882610573358,5.81,0.0267366503095836,0.0211458333333333
ETANOL,AP,2026-08-24/2026-08-30,5.791931126780902,5.81,0.0267366503095836,0.0211458333333333
ETANOL,BA,2026-08-03/2026-08-09,4.751862280765476,4.75,0.0648277260155016,0.0602083333333333
ETANOL,BA,2026-08-10/2026-08-16,4.75095341753379,4.75,0.0648277260155016,0.0602083333333333
ETANOL,BA,2026-08-17/2026-08-23,4.753411501659041,4.75,0.0648277260155016,0.0602083333333333
ETANOL,BA,2026-08-24/2026-08-30,4.755806195591872,4.75,0.0648277260155016,0.0602083333333333
ETANOL,CE,2026-08-03/2026-08-09,5.153224966529531,5.15,0.0794696807904351,0.069375
ETANOL,CE,2026-08-10/2026-08-16,5.155780803462731,5.15,0.0794696807904351,0.069375
ETANOL,CE,2026-08-17/2026-08-23,5.157271396203141,5.15,0.0794696807904351,0.069375
ETANOL,CE,2026-08-24/2026-08-30,5.158262974899306,5.15,0.0794696807904351,0.069375
ETANOL,DF,2026-08-03/2026-08-09,4.181445373845012,4.18,0.1586077005325985,0.1495833333333334
ETANOL,DF,2026-08-10/2026-08-16,4.182609625553927,4.18,0.1586077005325985,0.1495833333333334
ETANOL,DF,2026-08-17/2026-08-23,4.1839053843515,4.18,0.1586077005325985,0.1495833333333334
ETANOL,DF,2026-08-24/2026-08-30,4.18934309969426,4.18,0.1586077005325985,0.1495833333333334
ETANOL,ES,2026-08-03/2026-08-09,4.588759556047518,4.59,0.0342801505071428,0.0243749999999999
ETANOL,ES,2026-08-10/2026-08-16,4.587947314787681,4.59,0.0342801505071428,0.0243749999999999
ETANOL,ES,2026-08-17/2026-08-23,4.59043475511754,4.59,0.0342801505071428,0.0243749999999999
ETANOL,ES,2026-08-24/2026-08-30,4.592870921529629,4.59,0.0342801505071428,0.0243749999999999
ETANOL,GO,2026-08-03/2026-08-09,4.098730082485347,4.09,0.0932819763538118,0.0881249999999999
ETANOL,GO,2026-08-10/2026-08-16,4.103529213418372,4.09,0.0932819763538118,0.0881249999999999
ETANOL,GO,2026-08-17/2026-08-23,4.108477224316025,4.09,0.0932819763538118,0.0881249999999999
ETANOL,GO,2026-08-24/2026-08-30,4.1140758005162725,4.09,0.0932819763538118,0.0881249999999999
ETANOL,MA,2026-08-03/2026-08-09,5.192082624998729,5.19,0.058471082877458,0.0516666666666666
ETANOL,MA,2026-08-10/2026-08-16,5.193699379051913,5.19,0.058471082877458,0.0516666666666666
ETANOL,MA,2026-08-17/2026-08-23,5.195048420021715,5.19,0.058471082877458,0.0516666666666666
ETANOL,MA,2026-08-24/2026-08-30,5.196913232614661,5.19,0.058471082877458,0.0516666666666666
ETANOL,MG,2026-08-03/2026-08-09,3.998770340185384,3.99,0.0461973885377813,0.0375
ETANOL,MG,2026-08-10/2026-08-16,4.005771766338704,3.99,0.0461973885377813,0.0375
ETANOL,MG,2026-08-17/2026-08-23,4.012632606853941,3.99,0.0461973885377813,0.0375
ETANOL,MG,2026-08-24/2026-08-30,4.019002982346342,3.99,0.0461973885377813,0.0375
ETANOL,MS,2026-08-03/2026-08-09,3.8978799308147023,3.89,0.0903835239800344,0.0828125
ETANOL,MS,2026-08-10/2026-08-16,3.9057598616294045,3.89,0.0903835239800344,0.0828125
ETANOL,MS,2026-08-17/2026-08-23,3.9134221200744825,3.89,0.0903835239800344,0.0828125
ETANOL,MS,2026-08-24/2026-08-30,3.921178183215236,3.89,0.0903835239800344,0.0828125
ETANOL,MT,2026-08-03/2026-08-09,3.776301466849763,3.77,0.0478191532444996,0.0377083333333333
ETANOL,MT,2026-08-10/2026-08-16,3.780443030460874,3.77,0.0478191532444996,0.0377083333333333
ETANOL,MT,2026-08-17/2026-08-23,3.7843451736294615,3.77,0.0478191532444996,0.0377083333333333
ETANOL,MT,2026-08-24/2026-08-30,3.7881211554852765,3.77,0.0478191532444996,0.0377083333333333
ETANOL,PA,2026-08-03/2026-08-09,4.991141919420993,4.99,0.0477385726094315,0.0416666666666665
ETANOL,PA,2026-08-10/2026-08-16,4.995633320728187,4.99,0.0477385726094315,0.0416666666666665
ETANOL,PA,2026-08-17/2026-08-23,5.0000884702840045,4.99,0.0477385726094315,0.0416666666666665
ETANOL,PA,2026-08-24/2026-08-30,5.004560872928188,4.99,0.0477385726094315,0.0416666666666665
ETANOL,PB,2026-08-03/2026-08-09,4.791258404664515,4.79,0.0314000586070085,0.0199999999999999
ETANOL,PB,2026-08-10/2026-08-16,4.7923502881407325,4.79,0.0314000586070085,0.0199999999999999
ETANOL,PB,2026-08-17/2026-08-23,4.79344217161695,4.79,0.0314000586070085,0.0199999999999999
ETANOL,PB,2026-08-24/2026-08-30,4.794534055093167,4.79,0.0314000586070085,0.0199999999999999
ETANOL,PE,2026-08-03/2026-08-09,5.06399468429922,5.06,0.0713919619209221,0.0624999999999999
ETANOL,PE,2026-08-10/2026-08-16,5.071184685667902,5.06,0.0713919619209221,0.0624999999999999
ETANOL,PE,2026-08-17/2026-08-23,5.076011258602882,5.06,0.0713919619209221,0.0624999999999999
ETANOL,PE,2026-08-24/2026-08-30,5.07990996587628,5.06,0.0713919619209221,0.0624999999999999
ETANOL,PI,2026-08-03/2026-08-09,4.99253714696926,4.99,0.0431104344900777,0.0310416666666667
ETANOL,PI,2026-08-10/2026-08-16,4.99507429393852,4.99,0.0431104344900777,0.0310416666666667
ETANOL,PI,2026-08-17/2026-08-23,4.9976114409077805,4.99,0.0431104344900777,0.0310416666666667
ETANOL,PI,2026-08-24/2026-08-30,5.000148587877041,4.99,0.0431104344900777,0.0310416666666667
ETANOL,PR,2026-08-03/2026-08-09,4.002564205606378,3.99,0.056009056688968,0.0470833333333333
ETANOL,PR,2026-08-10/2026-08-16,4.012547948619436,3.99,0.056009056688968,0.0470833333333333
ETANOL,PR,2026-08-17/2026-08-23,4.020158681801172,3.99,0.056009056688968,0.0470833333333333
ETANOL,PR,2026-08-24/2026-08-30,4.027849230748004,3.99,0.056009056688968,0.0470833333333333
ETANOL,RJ,2026-08-03/2026-08-09,4.791848380802862,4.79,0.0554102409029715,0.0490624999999999
ETANOL,RJ,2026-08-10/2026-08-16,4.793631328238782,4.79,0.0554102409029715,0.0490624999999999
ETANOL,RJ,2026-08-17/2026-08-23,4.795414275674703,4.79,0.0554102409029715,0.0490624999999999
ETANOL,RJ,2026-08-24/2026-08-30,4.796839760836986,4.79,0.0554102409029715,0.0490624999999999
ETANOL,RN,2026-08-03/2026-08-09,5.462551121145525,5.47,0.1329177246897101,0.1229166666666667
ETANOL,RN,2026-08-10/2026-08-16,5.457345356067831,5.47,0.1329177246897101,0.1229166666666667
ETANOL,RN,2026-08-17/2026-08-23,5.451755319622206,5.47,0.1329177246897101,0.1229166666666667
ETANOL,RN,2026-08-24/2026-08-30,5.448028924988675,5.47,0.1329177246897101,0.1229166666666667
ETANOL,RO,2026-08-03/2026-08-09,5.359489399696645,5.38,0.0386849724985998,0.0337499999999999
ETANOL,RO,2026-08-10/2026-08-16,5.353172327982063,5.38,0.0386849724985998,0.0337499999999999
ETANOL,RO,2026-08-17/2026-08-23,5.345951805096394,5.38,0.0386849724985998,0.0337499999999999
ETANOL,RO,2026-08-24/2026-08-30,5.340522387286823,5.38,0.0386849724985998,0.0337499999999999
ETANOL,RR,2026-08-03/2026-08-09,5.407058885918191,5.41,0.0203831717144757,0.0129166666666666
ETANOL,RR,2026-08-10/2026-08-16,5.403449400566817,5.41,0.0203831717144757,0.0129166666666666
ETANOL,RR,2026-08-17/2026-08-23,5.399839915215443,5.41,0.0203831717144757,0.0129166666666666
ETANOL,RR,2026-08-24/2026-08-30,5.399347755173427,5.41,0.0203831717144757,0.0129166666666666
ETANOL,RS,2026-08-03/2026-08-09,4.782678355636882,4.779999999999999,0.0350959876885748,0.0252083333333333
ETANOL,RS,2026-08-10/2026-08-16,4.785356711273765,4.779999999999999,0.0350959876885748,0.0252083333333333
ETANOL,RS,2026-08-17/2026-08-23,4.787544601887812,4.779999999999999,0.0350959876885748,0.0252083333333333
ETANOL,RS,2026-08-24/2026-08-30,4.788960215563646,4.779999999999999,0.0350959876885748,0.0252083333333333
ETANOL,SC,2026-08-03/2026-08-09,4.593391545390594,4.59,0.0279543770598696,0.0214583333333333
ETANOL,SC,2026-08-10/2026-08-16,4.595640214124512,4.59,0.0279543770598696,0.0214583333333333
ETANOL,SC,2026-08-17/2026-08-23,4.596706065603369,4.59,0.0279543770598696,0.0214583333333333
ETANOL,SC,2026-08-24/2026-08-30,4.597771917082226,4.59,0.0279543770598696,0.0214583333333333
ETANOL,SE,2026-08-03/2026-08-09,5.364390091165145,5.369999999999999,0.0329125267229518,0.0276041666666666
ETANOL,SE,2026-08-10/2026-08-16,5.354313313462848,5.369999999999999,0.0329125267229518,0.0276041666666666
ETANOL,SE,2026-08-17/2026-08-23,5.345022854086123,5.369999999999999,0.0329125267229518,0.0276041666666666
ETANOL,SE,2026-08-24/2026-08-30,5.33929285870654,5.369999999999999,0.0329125267229518,0.0276041666666666
ETANOL,SP,2026-08-03/2026-08-09,3.6975695671325646,3.69,0.0443165087363282,0.0364583333333333
ETANOL,SP,2026-08-10/2026-08-16,3.70493723940111,3.69,0.0443165087363282,0.0364583333333333
ETANOL,SP,2026-08-17/2026-08-23,3.7117293125741946,3.69,0.0443165087363282,0.0364583333333333
ETANOL,SP,2026-08-24/2026-08-30,3.718384161441911,3.69,0.0443165087363282,0.0364583333333333
ETANOL,TO,2026-08-03/2026-08-09,4.996369903793116,4.99,0.0723334463409007,0.0669791666666665
ETANOL,TO,2026-08-10/2026-08-16,5.0022827033688,4.99,0.0723334463409007,0.0669791666666665
ETANOL,TO,2026-08-17/2026-08-23,5.00557389147188,4.99,0.0723334463409007,0.0669791666666665
ETANOL,TO,2026-08-24/2026-08-30,5.008991277569456,4.99,0.0723334463409007,0.0669791666666665
DIESEL,AC,2026-08-03/2026-08-09,7.7240702805272035,7.720000000000001,0.1802465166302559,0.1789583333333333
DIESEL,AC,2026-08-10/2026-08-16,7.731785332847148,7.720000000000001,0.1802465166302559,0.1789583333333333
DIESEL,AC,2026-08-17/2026-08-23,7.8594909098159516,7.720000000000001,0.1802465166302559,0.1789583333333333
DIESEL,AC,2026-08-24/2026-08-30,7.8896181963679,7.720000000000001,0.1802465166302559,0.1789583333333333
DIESEL,AL,2026-08-03/2026-08-09,7.2327745630397615,7.29,0.2269781514357659,0.2145833333333332
DIESEL,AL,2026-08-10/2026-08-16,7.183761787630414,7.29,0.2269781514357659,0.2145833333333332
DIESEL,AL,2026-08-17/2026-08-23,7.145604779484776,7.29,0.2269781514357659,0.2145833333333332
DIESEL,AL,2026-08-24/2026-08-30,7.124838885150702,7.29,0.2269781514357659,0.2145833333333332
DIESEL,AM,2026-08-03/2026-08-09,6.9762079635295215,6.99,0.0916590484299702,0.0512499999999999
DIESEL,AM,2026-08-10/2026-08-16,6.966041530338195,6.99,0.0916590484299702,0.0512499999999999
DIESEL,AM,2026-08-17/2026-08-23,6.95550313766689,6.99,0.0916590484299702,0.0512499999999999
DIESEL,AM,2026-08-24/2026-08-30,6.947526534415697,6.99,0.0916590484299702,0.0512499999999999
DIESEL,AP,2026-08-03/2026-08-09,6.479175481079622,6.48,0.090073980104511,0.0252083333333333
DIESEL,AP,2026-08-10/2026-08-16,6.477376686890089,6.48,0.090073980104511,0.0252083333333333
DIESEL,AP,2026-08-17/2026-08-23,6.4755778927005565,6.48,0.090073980104511,0.0252083333333333
DIESEL,AP,2026-08-24/2026-08-30,6.473779098511024,6.48,0.090073980104511,0.0252083333333333
DIESEL,BA,2026-08-03/2026-08-09,7.2769508934526685,7.32,0.1030956876914586,0.0935416666666666
DIESEL,BA,2026-08-10/2026-08-16,7.239734105981718,7.32,0.1030956876914586,0.0935416666666666
DIESEL,BA,2026-08-17/2026-08-23,7.201870356173331,7.32,0.1030956876914586,0.0935416666666666
DIESEL,BA,2026-08-24/2026-08-30,7.161668608258376,7.32,0.1030956876914586,0.0935416666666666
DIESEL,CE,2026-08-03/2026-08-09,7.019095259249975,7.035,0.1027283653300217,0.0926041666666666
DIESEL,CE,2026-08-10/2026-08-16,7.00204105178226,7.035,0.1027283653300217,0.0926041666666666
DIESEL,CE,2026-08-17/2026-08-23,6.985178311965141,7.035,0.1027283653300217,0.0926041666666666
DIESEL,CE,2026-08-24/2026-08-30,6.967166105430332,7.035,0.1027283653300217,0.0926041666666666
DIESEL,DF,2026-08-03/2026-08-09,6.96178491819924,6.97,0.0844247610074463,0.0629166666666666
DIESEL,DF,2026-08-10/2026-08-16,6.9529596584601325,6.97,0.0844247610074463,0.0629166666666666
DIESEL,DF,2026-08-17/2026-08-23,6.944100085671062,6.97,0.0844247610074463,0.0629166666666666
DIESEL,DF,2026-08-24/2026-08-30,6.935240512881991,6.97,0.0844247610074463,0.0629166666666666
DIESEL,ES,2026-08-03/2026-08-09,6.702673800399577,6.720000000000001,0.0523635548267059,0.0322916666666666
DIESEL,ES,2026-08-10/2026-08-16,6.683726744863713,6.720000000000001,0.0523635548267059,0.0322916666666666
DIESEL,ES,2026-08-17/2026-08-23,6.66472883038391,6.720000000000001,0.0523635548267059,0.0322916666666666
DIESEL,ES,2026-08-24/2026-08-30,6.65304741726268,6.720000000000001,0.0523635548267059,0.0322916666666666
DIESEL,GO,2026-08-03/2026-08-09,6.235418690231136,6.24,0.0830621807907422,0.0845833333333333
DIESEL,GO,2026-08-10/2026-08-16,6.2308373804622725,6.24,0.0830621807907422,0.0845833333333333
DIESEL,GO,2026-08-17/2026-08-23,6.227043891437252,6.24,0.0830621807907422,0.0845833333333333
DIESEL,GO,2026-08-24/2026-08-30,6.222187982114739,6.24,0.0830621807907422,0.0845833333333333
DIESEL,MA,2026-08-03/2026-08-09,6.85545402551931,6.865,0.0911609255958983,0.0840625
DIESEL,MA,2026-08-10/2026-08-16,6.84590805103862,6.865,0.0911609255958983,0.0840625
DIESEL,MA,2026-08-17/2026-08-23,6.82956535595877,6.865,0.0911609255958983,0.0840625
DIESEL,MA,2026-08-24/2026-08-30,6.813161621902004,6.865,0.0911609255958983,0.0840625
DIESEL,MG,2026-08-03/2026-08-09,6.409149426387336,6.42,0.0637822582155389,0.0597916666666667
DIESEL,MG,2026-08-10/2026-08-16,6.398298852774673,6.42,0.0637822582155389,0.0597916666666667
DIESEL,MG,2026-08-17/2026-08-23,6.3951910270699655,6.42,0.0637822582155389,0.0597916666666667
DIESEL,MG,2026-08-24/2026-08-30,6.392083201365258,6.42,0.0637822582155389,0.0597916666666667
DIESEL,MS,2026-08-03/2026-08-09,6.482502042126832,6.49,0.0907943358542339,0.0860416666666665
DIESEL,MS,2026-08-10/2026-08-16,6.47531245338462,6.49,0.0907943358542339,0.0860416666666665
DIESEL,MS,2026-08-17/2026-08-23,6.469403757113038,6.49,0.0907943358542339,0.0860416666666665
DIESEL,MS,2026-08-24/2026-08-30,6.463495060841455,6.49,0.0907943358542339,0.0860416666666665
DIESEL,MT,2026-08-03/2026-08-09,6.7674695565048655,6.79,0.0711656411804764,0.0624999999999999
DIESEL,MT,2026-08-10/2026-08-16,6.755133619858259,6.79,0.0711656411804764,0.0624999999999999
DIESEL,MT,2026-08-17/2026-08-23,6.741130930741328,6.79,0.0711656411804764,0.0624999999999999
DIESEL,MT,2026-08-24/2026-08-30,6.728119858705103,6.79,0.0711656411804764,0.0624999999999999
DIESEL,PA,2026-08-03/2026-08-09,7.080873930031117,7.09,0.1104244785743187,0.0997916666666666
DIESEL,PA,2026-08-10/2026-08-16,7.070335537359812,7.09,0.1104244785743187,0.0997916666666666
DIESEL,PA,2026-08-17/2026-08-23,7.0595311665825555,7.09,0.1104244785743187,0.0997916666666666
DIESEL,PA,2026-08-24/2026-08-30,7.052292886509782,7.09,0.1104244785743187,0.0997916666666666
DIESEL,PB,2026-08-03/2026-08-09,6.8554879032268605,6.87,0.0722352133588362,0.0630208333333333
DIESEL,PB,2026-08-10/2026-08-16,6.840975806453721,6.87,0.0722352133588362,0.0630208333333333
DIESEL,PB,2026-08-17/2026-08-23,6.8272115593838825,6.87,0.0722352133588362,0.0630208333333333
DIESEL,PB,2026-08-24/2026-08-30,6.812352763806011,6.87,0.0722352133588362,0.0630208333333333
DIESEL,PE,2026-08-03/2026-08-09,7.352003310621549,7.39,0.1260430591351349,0.10625
DIESEL,PE,2026-08-10/2026-08-16,7.313562545977553,7.39,0.1260430591351349,0.10625
DIESEL,PE,2026-08-17/2026-08-23,7.275957218538466,7.39,0.1260430591351349,0.10625
DIESEL,PE,2026-08-24/2026-08-30,7.237516453894471,7.39,0.1260430591351349,0.10625
DIESEL,PI,2026-08-03/2026-08-09,6.973137260182881,6.99,0.092908796501056,0.0785416666666666
DIESEL,PI,2026-08-10/2026-08-16,6.956274520365762,6.99,0.092908796501056,0.0785416666666666
DIESEL,PI,2026-08-17/2026-08-23,6.939411780548642,6.99,0.092908796501056,0.0785416666666666
DIESEL,PI,2026-08-24/2026-08-30,6.922549040731523,6.99,0.092908796501056,0.0785416666666666
DIESEL,PR,2026-08-03/2026-08-09,6.185254603022153,6.19,0.0691400551407935,0.0701041666666667
DIESEL,PR,2026-08-10/2026-08-16,6.180509206044305,6.19,0.0691400551407935,0.0701041666666667
DIESEL,PR,2026-08-17/2026-08-23,6.175078145746145,6.19,0.0691400551407935,0.0701041666666667
DIESEL,PR,2026-08-24/2026-08-30,6.17123634704957,6.19,0.0691400551407935,0.0701041666666667
DIESEL,RJ,2026-08-03/2026-08-09,6.878965242646769,6.89,0.0848507062379467,0.0691666666666667
DIESEL,RJ,2026-08-10/2026-08-16,6.868338632109953,6.89,0.0848507062379467,0.0691666666666667
DIESEL,RJ,2026-08-17/2026-08-23,6.857712021573137,6.89,0.0848507062379467,0.0691666666666667
DIESEL,RJ,2026-08-24/2026-08-30,6.847085411036321,6.89,0.0848507062379467,0.0691666666666667
DIESEL,RN,2026-08-03/2026-08-09,7.107330229250147,7.12,0.1116272264932956,0.0968749999999999
DIESEL,RN,2026-08-10/2026-08-16,7.090284197250226,7.12,0.1116272264932956,0.0968749999999999
DIESEL,RN,2026-08-17/2026-08-23,7.073238165250306,7.12,0.1116272264932956,0.0968749999999999
DIESEL,RN,2026-08-24/2026-08-30,7.056192133250385,7.12,0.1116272264932956,0.0968749999999999
DIESEL,RO,2026-08-03/2026-08-09,7.210912719186606,7.25,0.060602233884967,0.044375
DIESEL,RO,2026-08-10/2026-08-16,7.171825438373212,7.25,0.060602233884967,0.044375
DIESEL,RO,2026-08-17/2026-08-23,7.138229303313116,7.25,0.060602233884967,0.044375
DIESEL,RO,2026-08-24/2026-08-30,7.127083295892438,7.25,0.060602233884967,0.044375
DIESEL,RR,2026-08-03/2026-08-09,7.36702413800195,7.4,0.0693655445677157,0.0393749999999999
DIESEL,RR,2026-08-10/2026-08-16,7.3340482760039,7.4,0.0693655445677157,0.0393749999999999
DIESEL,RR,2026-08-17/2026-08-23,7.3015164892713935,7.4,0.0693655445677157,0.0393749999999999
DIESEL,RR,2026-08-24/2026-08-30,7.268984702538887,7.4,0.0693655445677157,0.0393749999999999
DIESEL,RS,2026-08-03/2026-08-09,6.380181656785428,6.38,0.0570393268406941,0.0602083333333333
DIESEL,RS,2026-08-10/2026-08-16,6.375005117866247,6.38,0.0570393268406941,0.0602083333333333
DIESEL,RS,2026-08-17/2026-08-23,6.371109471417696,6.38,0.0570393268406941,0.0602083333333333
DIESEL,RS,2026-08-24/2026-08-30,6.366528161648832,6.38,0.0570393268406941,0.0602083333333333
DIESEL,SC,2026-08-03/2026-08-09,6.57923547995363,6.59,0.0789447580235119,0.0787499999999999
DIESEL,SC,2026-08-10/2026-08-16,6.568470959907261,6.59,0.0789447580235119,0.0787499999999999
DIESEL,SC,2026-08-17/2026-08-23,6.557326152352478,6.59,0.0789447580235119,0.0787499999999999
DIESEL,SC,2026-08-24/2026-08-30,6.546181344797695,6.59,0.0789447580235119,0.0787499999999999
DIESEL,SE,2026-08-03/2026-08-09,6.664261248875892,6.69,0.1075804428534409,0.0956249999999999
DIESEL,SE,2026-08-10/2026-08-16,6.652425610111061,6.69,0.1075804428534409,0.0956249999999999
DIESEL,SE,2026-08-17/2026-08-23,6.64058997134623,6.69,0.1075804428534409,0.0956249999999999
DIESEL,SE,2026-08-24/2026-08-30,6.6287543325814,6.69,0.1075804428534409,0.0956249999999999
DIESEL,SP,2026-08-03/2026-08-09,6.47961828361463,6.49,0.0589435805881804,0.0574999999999999
DIESEL,SP,2026-08-10/2026-08-16,6.4692365672292595,6.49,0.0589435805881804,0.0574999999999999
DIESEL,SP,2026-08-17/2026-08-23,6.459163219974845,6.49,0.0589435805881804,0.0574999999999999
DIESEL,SP,2026-08-24/2026-08-30,6.44908987272043,6.49,0.0589435805881804,0.0574999999999999
DIESEL,TO,2026-08-03/2026-08-09,6.663909236005371,6.69,0.1210564905856613,0.1133333333333332
DIESEL,TO,2026-08-10/2026-08-16,6.65228263283414,6.69,0.1210564905856613,0.1133333333333332
DIESEL,TO,2026-08-17/2026-08-23,6.638926872946531,6.69,0.1210564905856613,0.1133333333333332
DIESEL,TO,2026-08-24/2026-08-30,6.625951400567335,6.69,0.1210564905856613,0.1133333333333332
